{
    "Logistic Regression": {
        "precision": 0.8591539332201471,
        "recall": 0.8548387096774194,
        "f1-score": 0.853287841191067,
        "support": 124.0
    },
    "Decision Tree": {
        "precision": 0.733157312713775,
        "recall": 0.7338709677419355,
        "f1-score": 0.7330805376415057,
        "support": 124.0
    },
    "Random Forest": {
        "precision": 0.8663342650650953,
        "recall": 0.8629032258064516,
        "f1-score": 0.8632162934059019,
        "support": 124.0
    },
    "Gradient Boosting": {
        "precision": 0.8663342650650953,
        "recall": 0.8629032258064516,
        "f1-score": 0.8632162934059019,
        "support": 124.0
    },
    "Naive Bayes": {
        "precision": 0.842089093701997,
        "recall": 0.8225806451612904,
        "f1-score": 0.8171335597057159,
        "support": 124.0
    },
    "KNN": {
        "precision": 0.3007284079084287,
        "recall": 0.5483870967741935,
        "f1-score": 0.3884408602150538,
        "support": 124.0
    }
}